feature,fscore
gc,0.013333333333333334
cgg,0.013333333333333334
ta,0.013333333333333334
gat,0.013333333333333334
cac,0.013333333333333334
aat,0.013333333333333334
gaa,0.02666666666666667
ctc,0.02666666666666667
cg,0.02666666666666667
ga,0.02666666666666667
ct,0.02666666666666667
aaa,0.04
ttt,0.05333333333333334
tcg,0.06666666666666667
tgg,0.06666666666666667
tag,0.08
cga,0.10666666666666667
taa,0.12
atg,0.12
tac,0.13333333333333333
