feature,fscore
agg,0.013333333333333334
ct,0.013333333333333334
gaa,0.013333333333333334
cac,0.013333333333333334
gat,0.02666666666666667
ttt,0.02666666666666667
aag,0.02666666666666667
cg,0.02666666666666667
ctc,0.04
tcg,0.04
ga,0.04
tgg,0.04
cta,0.05333333333333334
tac,0.05333333333333334
tag,0.06666666666666667
cga,0.14666666666666667
atg,0.16
taa,0.2
